customer_id,avg_bandwidth_dsl,avg_bandwidth_fiber_optic
A04204,1080.597617,NULL
A05946,NULL,5104.889837
A166320,NULL,6173.702221
A223123,NULL,4140.83823
A224472,NULL,NULL
A22477,NULL,601.2192303
A230205,NULL,1031.509395
A235822,NULL,5203.543626
A236354,1717.407155,NULL
A241767,NULL,3726.308369
A25662,NULL,NULL
A29486,1967.928007,NULL
A295468,NULL,NULL
A304266,NULL,NULL
A313674,NULL,NULL
A349493,NULL,NULL
A357886,NULL,1096.780158
A403906,NULL,NULL
A457009,NULL,5361.231393
A471876,NULL,937.5863866
A50168,NULL,NULL
A504244,6066.504159,NULL
A505732,NULL,NULL
A505760,NULL,NULL
A508226,5725.421883,NULL
A513224,NULL,4889.524005
A516936,NULL,NULL
A51913,NULL,NULL
A53575,NULL,NULL
A546615,NULL,NULL
A551693,6532.644086,NULL
A572964,5856.252247,NULL
A579005,1215.356987,NULL
A581416,5867.267664,NULL
A595003,NULL,1133.808688
A595310,NULL,4889.562199
A606860,1771.286466,NULL
A613334,1768.55004,NULL
A615311,6183.792283,NULL
A615789,NULL,6451.646223
A687427,NULL,NULL
A70661,5991.256643,NULL
A712256,800.1531959,NULL
A727077,891.754556,NULL
A727653,NULL,NULL
A740543,NULL,631.7435653
A745374,NULL,NULL
A748930,6104.271738,NULL
A764334,NULL,5691.599692
A764510,2472.105638,NULL
A765364,6420.370535,NULL
A771900,NULL,4517.455286
A776577,4472.040669,NULL
A78645,NULL,NULL
A833360,6282.538237,NULL
A854142,5936.572086,NULL
A863691,NULL,450.2597019
A873218,1236.530575,NULL
A874816,NULL,4443.076355
A879207,NULL,1476.963855
A903151,NULL,NULL
A940663,NULL,NULL
A940721,NULL,NULL
A944069,1742.049983,NULL
A978012,NULL,NULL
A97903,NULL,5978.883731
A995509,944.8425929,NULL
B105213,1119.209524,NULL
B110833,NULL,6190.252926
B118468,5089.022874,NULL
B133081,1177.477272,NULL
B143750,6307.09359,NULL
B154541,1610.068088,NULL
B164687,NULL,335.9239723
B18063,6197.152457,NULL
B197030,NULL,1038.379263
B198899,NULL,1428.317482
B20759,NULL,5426.315112
B209742,NULL,1386.813604
B225501,NULL,NULL
B247549,NULL,NULL
B248010,NULL,758.4775985
B250093,NULL,5514.722604
B25572,4839.25878,NULL
B274609,NULL,NULL
B276870,NULL,NULL
B290057,NULL,NULL
B29049,NULL,NULL
B317246,NULL,NULL
B327796,NULL,4271.0951
B341496,NULL,4710.662382
B360850,NULL,NULL
B36217,NULL,5766.235014
B374505,3903.674979,NULL
B381427,NULL,4654.72171
B392635,NULL,NULL
B393356,NULL,2461.030222
B39992,956.6535443,NULL
B406551,NULL,NULL
B419814,4936.469796,NULL
B424659,NULL,NULL
B442664,NULL,4933.193936
B448076,NULL,953.6134686
B464898,6469.664211,NULL
B488148,NULL,5666.607489
B491501,877.5328489,NULL
B49281,4875.213905,NULL
B507395,5126.884955,NULL
B508012,NULL,5292.78252
B536861,NULL,NULL
B541413,NULL,NULL
B545599,1640.244176,NULL
B564637,1523.800316,NULL
B565042,NULL,1301.332682
B585942,NULL,485.4228279
B593910,4784.796994,NULL
B599924,NULL,5208.138235
B607212,NULL,1841.554887
B619322,NULL,NULL
B635354,NULL,6161.278314
B641384,NULL,NULL
B643657,NULL,NULL
B651452,NULL,5902.886646
B652550,NULL,NULL
B677068,NULL,4579.594851
B692438,NULL,1069.849043
B714519,NULL,2142.048492
B717434,NULL,482.1944216
B72873,NULL,1151.849425
B745310,6542.285377,NULL
B749266,NULL,5806.466997
B749928,6398.595369,NULL
B759427,2329.912456,NULL
B789652,NULL,5989.298293
B794135,2207.767111,NULL
B803995,NULL,6254.922893
B813081,1193.589255,NULL
B813556,NULL,1935.621118
B816555,NULL,NULL
B817366,5307.317588,NULL
B831451,5739.842827,NULL
B844433,1771.134878,NULL
B848374,NULL,786.0804243
B87304,1345.804923,NULL
B874036,NULL,NULL
B908324,NULL,6205.48799
B912449,1822.961538,NULL
B918135,NULL,6062.107187
B920638,1752.198908,NULL
B954936,NULL,NULL
B958792,NULL,375.6589979
B981819,NULL,1209.751161
C102532,NULL,NULL
C116690,NULL,NULL
C129717,NULL,3095.105954
C139501,1150.804118,NULL
C139959,NULL,834.8359967
C142453,NULL,5356.753961
C160792,NULL,NULL
C167419,NULL,586.1493754
C18933,NULL,NULL
C189627,NULL,NULL
C203739,NULL,573.5316869
C242980,NULL,NULL
C26175,NULL,6516.163879
C271341,NULL,4276.019791
C28344,NULL,1064.595704
C289581,NULL,5730.433744
C294086,1908.654798,NULL
C305571,NULL,NULL
C313073,NULL,1751.748167
C336869,2588.430434,NULL
C355455,NULL,5557.721713
C363428,5281.851852,NULL
C367217,NULL,NULL
C374537,NULL,NULL
C380194,NULL,1318.027865
C383664,NULL,NULL
C399738,NULL,NULL
C400987,1002.424825,NULL
C405760,NULL,NULL
C406817,NULL,1118.312856
C431268,NULL,5380.823835
C432978,NULL,5999.064003
C450994,4718.201931,NULL
C454652,NULL,NULL
C48384,NULL,NULL
C501301,1559.33881,NULL
C503358,NULL,5249.37739
C518382,NULL,1243.779967
C523628,NULL,NULL
C544905,NULL,1984.668288
C548406,2009.785388,NULL
C552632,NULL,2559.878176
C582722,NULL,NULL
C602006,NULL,NULL
C607550,6092.399467,NULL
C620479,2079.326294,NULL
C62438,NULL,497.4668116
C628526,NULL,NULL
C63133,NULL,5394.861435
C634232,1138.169594,NULL
C643455,NULL,4853.919295
C658180,NULL,NULL
C671723,NULL,1062.404345
C68339,NULL,NULL
C712292,NULL,NULL
C739541,2037.009094,NULL
C742082,NULL,NULL
C742414,NULL,373.2772664
C774228,NULL,1328.747604
C793481,NULL,NULL
C812291,NULL,NULL
C81893,NULL,1053.415573
C81935,5626.567359,NULL
C825312,NULL,5869.863059
C843114,NULL,NULL
C843272,6955.375666,NULL
C852951,5653.372513,NULL
C86799,6816.033585,NULL
C875335,1135.537453,NULL
C875992,2256.776479,NULL
C884701,NULL,581.3197743
C909763,NULL,NULL
C912709,NULL,1129.471568
C914865,NULL,NULL
C920444,1627.193453,NULL
C951645,NULL,1123.252119
C960158,6656.287,NULL
C985142,1852.013833,NULL
D07038,5771.251702,NULL
D117185,1859.062929,NULL
D120097,NULL,4646.632157
D130964,NULL,4024.612201
D164540,1464.442974,NULL
D171933,6169.677579,NULL
D194859,NULL,NULL
D195797,NULL,1115.476658
D217513,NULL,NULL
D225235,NULL,5765.098354
D260697,NULL,5483.045236
D262797,NULL,2094.027389
D269899,NULL,1916.832871
D277330,NULL,1215.994181
D287693,1655.231847,NULL
D289914,NULL,NULL
D290234,NULL,5695.706857
D292409,NULL,NULL
D299114,NULL,NULL
D302447,5934.141788,NULL
D366434,2089.469335,NULL
D376081,4157.920412,NULL
D37619,NULL,NULL
D377681,5368.841578,NULL
D398300,NULL,1454.923517
D39869,NULL,694.7582953
D404497,NULL,5974.963224
D405206,6376.421613,NULL
D419396,NULL,1136.110777
D423729,1345.940597,NULL
D426377,NULL,NULL
D429172,4977.814552,NULL
D456001,6089.067076,NULL
D457155,1590.329883,NULL
D463575,6733.970943,NULL
D481847,6356.496066,NULL
D493302,1251.289889,NULL
D500075,NULL,NULL
D504035,5684.731048,NULL
D516454,NULL,NULL
D545228,6135.9085,NULL
D548131,NULL,5730.023775
D553284,NULL,NULL
D598970,NULL,5760.776706
D633161,1011.509096,NULL
D647144,NULL,5942.591122
D648598,NULL,2113.691713
D651499,NULL,5595.201151
D654440,NULL,1614.234523
D656330,NULL,763.7549084
D666505,NULL,NULL
D675061,6286.671937,NULL
D684561,NULL,NULL
D71220,NULL,942.1751694
D721433,6282.463563,NULL
D741982,NULL,NULL
D754301,NULL,4695.750395
D760092,1434.828418,NULL
D761680,NULL,NULL
D762674,NULL,NULL
D769071,1771.091615,NULL
D793833,6279.520379,NULL
D828705,NULL,5616.657455
D832053,NULL,1381.481321
D838879,NULL,1197.086571
D843552,NULL,4611.987
D85371,NULL,NULL
D860746,NULL,1338.619611
D861252,4839.103673,NULL
D862321,NULL,773.1752584
D86641,NULL,895.8563668
D873060,NULL,NULL
D873414,NULL,1925.911722
D901316,1623.273925,NULL
D926717,6348.304776,NULL
D93867,6558.022236,NULL
D948859,NULL,769.3159079
D952319,NULL,6185.77752
D960842,851.811469,NULL
D970501,NULL,4991.819551
D985247,5467.571494,NULL
D994268,5123.664714,NULL
D994982,NULL,5163.620396
D995911,5245.226834,NULL
E125308,NULL,2729.316361
E135599,NULL,1986.939234
E136064,4984.78563,NULL
E138231,NULL,5241.552098
E148039,NULL,NULL
E159151,NULL,5978.652711
E172718,NULL,483.0491679
E177109,6228.197573,NULL
E186134,NULL,1726.803854
E197128,NULL,NULL
E198606,NULL,1365.14372
E208886,NULL,4794.939338
E231042,NULL,NULL
E245051,2138.11032,NULL
E249601,NULL,422.3998081
E267017,789.5226439,NULL
E279536,NULL,4194.479859
E28570,NULL,432.0011277
E323139,6114.267462,NULL
E330599,1648.102673,NULL
E332398,NULL,NULL
E338308,NULL,4886.937383
E380866,NULL,NULL
E383758,6455.138761,NULL
E439042,1919.921479,NULL
E450349,NULL,6572.01585
E457135,NULL,NULL
E460114,NULL,449.1682295
E468347,NULL,1134.240308
E47652,1562.246266,NULL
E488783,2673.10157,NULL
E505861,NULL,677.1757219
E555705,NULL,1761.052193
E556319,NULL,4783.40882
E55745,NULL,2025.167432
E557858,NULL,5677.324438
E563177,NULL,NULL
E582623,NULL,1385.020283
E590504,955.1927172,NULL
E617210,NULL,5062.064883
E620176,NULL,6516.704569
E634326,1192.502878,NULL
E638386,6558.341155,NULL
E638993,NULL,6274.249297
E645811,NULL,3754.296166
E651305,NULL,NULL
E688523,NULL,756.9340947
E715967,5364.761472,NULL
E716533,NULL,NULL
E740186,861.7738077,NULL
E740766,NULL,NULL
E747706,5473.238444,NULL
E753173,4321.771592,NULL
E759213,NULL,951.886985
E78840,NULL,414.3393996
E795487,NULL,NULL
E80213,2129.856605,NULL
E813683,NULL,3866.102336
E819146,6310.455935,NULL
E827525,NULL,5807.811165
E84336,6117.671345,NULL
E885584,NULL,1094.028517
E890386,NULL,6149.65603
E898891,NULL,NULL
E930275,2586.074672,NULL
E944296,NULL,1086.270579
E964588,5972.05769,NULL
E966195,NULL,NULL
E970292,NULL,NULL
E975865,NULL,NULL
E976279,2297.2034,NULL
E976731,NULL,4694.576597
F100864,5009.989918,NULL
F130726,NULL,1366.71852
F146437,NULL,NULL
F159274,4914.99202,NULL
F16781,NULL,655.8888087
F186234,6092.611808,NULL
F198326,2657.509636,NULL
F239052,1186.812133,NULL
F25518,2060.536764,NULL
F269252,6184.630782,NULL
F270670,NULL,NULL
F283929,NULL,6270.108334
F28689,5243.262555,NULL
F288388,NULL,NULL
F296062,NULL,5278.695296
F318775,NULL,NULL
F330383,NULL,NULL
F333860,733.4036934,NULL
F346649,2792.394717,NULL
F34950,2489.519356,NULL
F353304,NULL,745.0493094
F383331,NULL,921.1401066
F390846,NULL,5748.620529
F393894,NULL,5924.499555
F394583,NULL,5640.487005
F412119,NULL,982.3393738
F413995,NULL,4979.183398
F418834,NULL,1333.179191
F43067,991.424632,NULL
F437041,NULL,2588.510628
F444920,NULL,397.1455126
F454437,NULL,NULL
F46928,NULL,NULL
F471471,NULL,NULL
F473020,NULL,5503.376914
F474662,NULL,1372.679029
F494529,NULL,1836.91871
F498478,NULL,1427.321538
F504193,NULL,3964.578207
F504510,NULL,1779.049529
F515768,6310.388284,NULL
F520630,NULL,3802.601867
F520698,NULL,4647.66648
F522569,1840.628269,NULL
F523785,NULL,NULL
F524918,NULL,NULL
F537282,1006.71226,NULL
F544673,NULL,5056.967909
F552446,1038.488008,NULL
F552828,6413.177133,NULL
F582818,NULL,4610.508173
F58625,NULL,NULL
F586435,NULL,NULL
F589782,NULL,NULL
F592408,NULL,631.6069096
F593304,NULL,5085.716683
F594045,NULL,4143.62851
F60760,NULL,761.9139877
F624787,NULL,520.7155239
F633030,5435.229637,NULL
F64095,2119.656047,NULL
F652541,NULL,4206.817797
F659682,5855.929799,NULL
F681575,NULL,NULL
F698431,NULL,NULL
F719220,NULL,1914.400241
F729151,NULL,NULL
F744495,NULL,NULL
F761138,NULL,4769.420216
F765325,NULL,3260.745232
F774584,NULL,NULL
F78209,1832.163914,NULL
F790515,NULL,NULL
F812880,NULL,1886.312286
F813169,NULL,1120.873005
F847848,NULL,1333.444788
F84786,NULL,NULL
F851755,1245.2646,NULL
F876097,NULL,NULL
F878212,NULL,NULL
F880256,NULL,5612.009142
F882447,6410.875978,NULL
F893663,NULL,NULL
F904069,NULL,5796.999774
F905282,5232.068649,NULL
F911285,NULL,NULL
F929683,1734.660297,NULL
F937361,1141.442182,NULL
F98602,NULL,6116.195461
F997820,NULL,NULL
G03073,NULL,4912.337528
G06529,1183.751805,NULL
G106476,1404.435534,NULL
G121569,NULL,NULL
G124632,NULL,NULL
G174513,NULL,1396.329395
G18578,NULL,1409.472824
G20890,5651.302353,NULL
G214956,5918.124559,NULL
G214970,NULL,1387.096942
G215554,5454.264521,NULL
G223396,1964.775503,NULL
G241795,NULL,628.7420412
G248257,NULL,NULL
G255435,NULL,1118.046807
G265562,NULL,NULL
G272085,6806.914428,NULL
G27660,NULL,956.9132284
G280276,NULL,NULL
G28056,NULL,5695.712663
G286091,NULL,NULL
G287039,NULL,NULL
G299299,6422.525635,NULL
G307248,1837.391501,NULL
G31296,NULL,944.3304649
G324107,NULL,6177.436257
G332624,4115.795378,NULL
G336446,4839.958124,NULL
G340831,NULL,3735.933485
G341241,NULL,NULL
G364947,NULL,NULL
G371724,1826.678884,NULL
G39363,NULL,NULL
G412206,NULL,5833.372426
G417957,NULL,292.4731737
G451927,NULL,4132.534649
G45989,5116.876043,NULL
G502249,NULL,3771.873422
G503874,NULL,6071.607482
G514638,NULL,NULL
G534310,NULL,NULL
G540903,NULL,5417.413606
G551449,NULL,5831.696572
G581130,2396.551383,NULL
G581987,NULL,4929.50237
G608721,NULL,6372.288678
G632313,NULL,1386.2317
G64810,NULL,NULL
G670932,5743.829083,NULL
G67438,NULL,726.6441549
G676884,NULL,839.4587853
G680326,NULL,5869.077797
G695985,NULL,1397.701335
G705750,NULL,4200.226885
G715462,NULL,1277.1051
G72246,NULL,NULL
G730827,1501.093332,NULL
G736869,NULL,1131.849487
G753886,6368.533526,NULL
G761865,NULL,2913.842578
G769178,NULL,1261.554565
G779745,4439.358981,NULL
G786082,NULL,460.5286853
G837666,NULL,NULL
G856109,1638.383088,NULL
G861521,NULL,4622.488998
G879772,NULL,1036.098256
G88174,NULL,5260.956377
G885667,4927.165029,NULL
G885904,NULL,NULL
G88929,NULL,NULL
G890475,NULL,2196.794349
G897228,1511.485403,NULL
G898600,NULL,729.7825005
G906721,NULL,1731.015044
G912511,6727.30047,NULL
G932953,NULL,2192.448535
G941019,1367.4247,NULL
G963411,NULL,895.2266874
H100331,NULL,6351.617139
H104879,NULL,693.5913883
H108397,5669.10693,NULL
H113074,NULL,NULL
H130516,NULL,NULL
H151913,2230.367018,NULL
H153597,NULL,NULL
H155905,5861.769044,NULL
H168237,NULL,990.747598
H17041,NULL,5114.144656
H174467,NULL,727.8878928
H176781,1571.814704,NULL
H185700,NULL,NULL
H20147,6746.802832,NULL
H232921,2509.367174,NULL
H233450,6562.450391,NULL
H248782,5185.798642,NULL
H286080,5644.516819,NULL
H292733,NULL,1874.789062
H294328,6092.04938,NULL
H298416,1663.371666,NULL
H300268,6528.05337,NULL
H313345,5304.643513,NULL
H314025,NULL,4791.676231
H315719,2954.525101,NULL
H316557,NULL,1523.207235
H330611,2080.564441,NULL
H337960,3181.511605,NULL
H35820,1131.268205,NULL
H361743,NULL,1245.735579
H365334,NULL,1023.023077
H374449,NULL,NULL
H383527,NULL,3171.439732
H404111,NULL,714.7114049
H409478,NULL,NULL
H433038,NULL,4103.479649
H441282,NULL,1080.663566
H44622,6236.657026,NULL
H466983,5441.447547,NULL
H482032,NULL,1743.325286
H509049,NULL,837.8796845
H510824,NULL,5745.359728
H511997,NULL,847.6690217
H523291,1582.783024,NULL
H525851,NULL,NULL
H528993,NULL,NULL
H530265,NULL,1325.414246
H553856,NULL,904.5618908
H623733,5714.324105,NULL
H633094,NULL,4923.409973
H664759,6279.052879,NULL
H673597,NULL,1271.791514
H683825,6754.62207,NULL
H690253,1245.217129,NULL
H69857,NULL,6001.347694
H719093,NULL,1017.061783
H738392,NULL,6107.912748
H751283,NULL,NULL
H756625,NULL,4955.138722
H758978,NULL,5677.907968
H765008,6570.010431,NULL
H773690,4782.774479,NULL
H774850,2275.16632,NULL
H793835,NULL,NULL
H797612,NULL,5512.596647
H866755,NULL,1335.96148
H878507,NULL,NULL
H887808,NULL,1144.495358
H906651,4879.170769,NULL
H932507,NULL,2354.102724
H932939,NULL,922.1362066
H93869,NULL,5243.121015
H940380,NULL,583.5711218
H941836,NULL,1664.080114
H948553,NULL,NULL
H969768,4956.677539,NULL
H980247,NULL,1973.393367
H999115,NULL,1274.915029
I110210,NULL,2023.901526
I132993,NULL,991.3985734
I136611,NULL,NULL
I137232,6379.279332,NULL
I156558,NULL,587.538153
I229526,NULL,5717.977095
I245220,NULL,NULL
I246752,NULL,1508.478673
I250569,NULL,5217.771684
I250725,4715.545669,NULL
I251400,NULL,6157.745923
I280791,NULL,NULL
I288648,NULL,1747.20978
I29405,NULL,1752.77238
I299891,NULL,NULL
I303339,NULL,831.3672853
I340772,NULL,NULL
I354960,NULL,5041.432965
I362734,NULL,NULL
I370992,1647.38223,NULL
I383783,NULL,6243.997319
I383825,NULL,NULL
I401418,6677.35743,NULL
I401442,NULL,1742.811202
I489435,NULL,NULL
I493092,1268.086909,NULL
I503010,5921.61952,NULL
I514878,1241.877666,NULL
I524441,NULL,NULL
I526734,1097.407168,NULL
I536159,NULL,5236.791874
I552955,5706.02232,NULL
I580698,NULL,4833.292191
I585452,NULL,5276.705264
I590360,NULL,2299.047664
I602999,1351.805265,NULL
I60609,1246.012987,NULL
I621118,NULL,NULL
I622745,NULL,5835.931989
I636534,6589.069717,NULL
I642753,NULL,772.3849869
I664915,NULL,5640.714867
I668927,NULL,1084.371719
I679830,NULL,5783.315378
I685889,NULL,655.4429632
I702999,NULL,NULL
I714132,NULL,NULL
I718294,5943.184132,NULL
I721653,NULL,NULL
I740366,NULL,NULL
I747598,1967.957184,NULL
I749108,NULL,NULL
I756693,NULL,4958.500526
I757738,901.8793581,NULL
I761973,NULL,641.4963126
I768093,NULL,NULL
I792144,2761.982244,NULL
I79242,6168.427344,NULL
I799863,5777.579326,NULL
I809998,6255.328337,NULL
I818374,6205.78959,NULL
I830183,NULL,959.4182525
I840543,NULL,461.4404406
I841051,NULL,NULL
I85282,NULL,394.0148722
I879540,NULL,957.1118873
I887277,NULL,4639.229318
I889626,5674.253089,NULL
I895720,NULL,5932.680423
I903464,NULL,NULL
I928058,4897.15967,NULL
I940654,1670.602657,NULL
I953052,NULL,2183.450856
I969152,NULL,NULL
I980987,NULL,NULL
I983678,NULL,5712.51151
J04479,NULL,4672.740002
J04574,NULL,750.8768234
J110435,NULL,1369.012136
J112293,NULL,704.6408647
J12843,NULL,NULL
J137993,NULL,465.629346
J158737,6498.14477,NULL
J205864,NULL,NULL
J21342,4872.598082,NULL
J216031,NULL,NULL
J219576,5919.136057,NULL
J220096,NULL,4254.289639
J227266,NULL,1746.405243
J25646,NULL,5372.192462
J315269,NULL,NULL
J318999,949.9087685,NULL
J327417,6359.030108,NULL
J342420,2027.035214,NULL
J349776,4607.641291,NULL
J37804,NULL,1142.427499
J378975,NULL,1296.081512
J379461,NULL,1310.382845
J397554,NULL,770.971694
J413185,NULL,5045.986552
J420961,NULL,NULL
J460770,NULL,4639.026778
J476962,NULL,NULL
J483362,NULL,5549.125491
J499878,NULL,NULL
J519616,NULL,NULL
J528795,3088.823891,NULL
J534622,NULL,NULL
J574327,NULL,1498.783318
J586826,5205.119963,NULL
J598152,NULL,NULL
J612800,901.2877149,NULL
J622447,NULL,NULL
J636797,5985.552522,NULL
J666903,NULL,NULL
J684160,NULL,1662.516242
J695377,2520.720283,NULL
J703576,NULL,NULL
J727968,NULL,1256.923905
J745220,6741.094654,NULL
J751606,NULL,NULL
J752284,6534.389245,NULL
J756939,NULL,5894.933334
J757606,NULL,NULL
J795176,NULL,1147.89846
J821112,NULL,5118.061873
J850495,NULL,5460.847751
J869368,NULL,1712.794495
J869887,NULL,4629.932238
J887250,1259.415493,NULL
J898084,NULL,NULL
J898814,6833.821068,NULL
J902837,NULL,1967.055899
J902839,NULL,4821.711621
J908328,NULL,4813.13127
J916027,2045.813243,NULL
J92349,NULL,1246.19633
J936618,5490.29487,NULL
J966666,NULL,NULL
J990450,1606.733876,NULL
K112352,NULL,5246.886102
K112810,NULL,4948.48511
K119215,NULL,884.3816817
K159541,2095.926619,NULL
K171161,NULL,1103.319343
K189332,1132.634807,NULL
K19269,NULL,NULL
K20948,NULL,1974.780054
K216293,1786.980349,NULL
K240876,NULL,NULL
K243842,NULL,5592.361956
K268065,NULL,6308.688863
K288941,NULL,NULL
K294952,1066.193338,NULL
K300646,6099.843568,NULL
K309886,1312.896111,NULL
K320034,NULL,4999.844929
K322836,1003.311614,NULL
K350921,NULL,NULL
K373462,6321.808564,NULL
K378058,NULL,1632.365102
K401117,1353.29384,NULL
K402892,NULL,828.1128045
K409198,NULL,904.5361102
K455778,NULL,1710.958869
K489730,2886.678944,NULL
K490083,5736.11308,NULL
K493530,4445.497919,NULL
K498495,NULL,NULL
K509301,NULL,5696.26264
K512726,NULL,3860.25038
K514728,NULL,1655.992508
K520487,4750.23799,NULL
K532128,NULL,1261.564075
K534632,NULL,5590.582279
K541481,6017.240403,NULL
K549862,1882.950851,NULL
K557225,1261.505669,NULL
K561985,1418.137965,NULL
K578402,NULL,NULL
K578547,NULL,892.5309234
K588515,NULL,2426.091797
K591268,1449.202089,NULL
K605178,NULL,633.9224183
K610866,NULL,352.0824182
K618387,NULL,1204.479468
K619026,NULL,4727.906301
K637432,NULL,NULL
K669208,1885.164449,NULL
K677097,NULL,1084.469104
K690514,6528.343934,NULL
K698636,NULL,2359.530807
K69985,2353.856438,NULL
K700875,NULL,4675.756402
K71802,NULL,NULL
K720086,NULL,5140.822313
K732032,4334.844433,NULL
K740871,NULL,805.3931837
K755701,1453.3619,NULL
K76431,1984.206498,NULL
K768274,NULL,3479.074804
K775808,NULL,3812.770109
K776350,1096.59855,NULL
K783774,6230.665916,NULL
K785874,5841.787149,NULL
K794401,NULL,1090.460081
K798028,1149.045043,NULL
K798113,6261.418751,NULL
K816219,NULL,NULL
K833093,5992.346598,NULL
K843254,1892.964163,NULL
K845651,1708.389751,NULL
K853735,NULL,NULL
K870512,NULL,NULL
K879725,NULL,NULL
K901994,NULL,NULL
K923294,6447.106744,NULL
K940748,853.1123448,NULL
K957862,NULL,6122.640412
K980932,1009.028786,NULL
L10400,NULL,1077.09525
L10778,5152.428776,NULL
L110083,NULL,1825.985724
L113911,NULL,NULL
L117563,NULL,NULL
L146780,NULL,558.7166007
L154203,NULL,5467.127682
L156274,NULL,1568.344567
L161656,NULL,758.8338668
L184027,1705.874036,NULL
L212613,NULL,5311.628616
L221272,NULL,4939.550584
L223256,NULL,1015.71304
L223677,1636.48816,NULL
L226305,NULL,6123.243244
L239044,1147.794876,NULL
L248822,NULL,4844.338366
L253253,6304.203672,NULL
L294826,NULL,5953.077209
L327497,NULL,1289.886774
L33620,1795.595369,NULL
L339318,NULL,NULL
L386634,NULL,5527.671776
L405130,NULL,1104.049328
L406991,NULL,4180.815992
L409845,NULL,272.9823095
L421212,2024.875698,NULL
L452982,NULL,NULL
L463700,1818.572601,NULL
L473992,1469.569398,NULL
L494196,4755.552483,NULL
L521189,NULL,1299.583627
L529868,NULL,483.4546178
L535753,NULL,NULL
L542612,NULL,NULL
L552248,5530.375821,NULL
L558926,NULL,6026.66605
L559398,NULL,5145.473955
L589688,1279.856552,NULL
L595428,6163.633177,NULL
L596007,1491.768656,NULL
L603563,NULL,NULL
L608283,NULL,5652.464417
L612765,NULL,NULL
L615653,NULL,NULL
L619270,NULL,830.61429
L632280,NULL,5960.671631
L658290,NULL,447.1773574
L659263,NULL,NULL
L682277,NULL,704.1947645
L686627,1316.239744,NULL
L690004,NULL,5629.354953
L697372,4828.989251,NULL
L717330,6215.478436,NULL
L72577,1599.727567,NULL
L729864,1848.363566,NULL
L739156,NULL,577.4706172
L762626,NULL,1961.923965
L782448,NULL,1100.58554
L79617,6789.002522,NULL
L812206,NULL,1884.50089
L817058,NULL,6181.959795
L823137,NULL,NULL
L839648,6150.907768,NULL
L842847,5447.621158,NULL
L844920,NULL,NULL
L85018,1086.990308,NULL
L850408,NULL,6413.546906
L852596,5975.718085,NULL
L853820,NULL,249.3579815
L854223,NULL,5652.969156
L912239,5493.9737,NULL
L916753,NULL,NULL
L917070,NULL,4102.71703
L927003,NULL,NULL
L928678,2383.673575,NULL
L944578,6438.459484,NULL
L957640,NULL,1118.646915
L977760,2353.047822,NULL
L97798,5900.543943,NULL
L982121,NULL,1207.593093
L984058,1947.487826,NULL
M100162,NULL,3843.2286
M102949,1281.923094,NULL
M105252,NULL,NULL
M106741,NULL,4363.777277
M119218,NULL,4517.31047
M132487,NULL,3673.166054
M141263,5958.960225,NULL
M168449,NULL,726.8978219
M205175,NULL,1114.819074
M235859,NULL,NULL
M244558,NULL,NULL
M258307,NULL,NULL
M27166,6716.643947,NULL
M27449,950.4411542,NULL
M286359,1751.02003,NULL
M314123,NULL,5772.068776
M337097,NULL,5237.251646
M356621,NULL,NULL
M404332,NULL,5672.644392
M411726,NULL,1669.627909
M429173,NULL,5694.030993
M441477,2304.085004,NULL
M458617,NULL,NULL
M474053,NULL,5864.873198
M495151,NULL,1501.794265
M496408,NULL,1265.78479
M517236,NULL,6074.8746
M523186,NULL,1217.513281
M543828,6872.209499,NULL
M545168,1291.115762,NULL
M566246,NULL,NULL
M572384,NULL,5842.282612
M572988,1617.064452,NULL
M584587,NULL,1155.865056
M601678,NULL,NULL
M614018,NULL,NULL
M639958,NULL,NULL
M65348,NULL,5510.771354
M663152,NULL,4088.474484
M686165,NULL,6061.493639
M699985,NULL,4453.928623
M704449,NULL,NULL
M705253,6493.208909,NULL
M706056,6618.320348,NULL
M723914,NULL,NULL
M731030,NULL,NULL
M733994,NULL,1458.177149
M740803,NULL,NULL
M752980,6228.700498,NULL
M754335,NULL,5591.052659
M773746,2056.185889,NULL
M781717,6502.025208,NULL
M790643,NULL,1022.415622
M791093,NULL,NULL
M795125,5681.838688,NULL
M795444,NULL,1329.24842
M809132,NULL,4402.745053
M834837,NULL,1932.932484
M836207,NULL,6210.519966
M848259,6175.153891,NULL
M881138,995.1098617,NULL
M890549,5180.245459,NULL
M92372,NULL,NULL
M927991,NULL,1281.098493
M950404,5175.09924,NULL
M963224,NULL,NULL
M963240,NULL,1386.235112
M964781,5824.726674,NULL
M993150,NULL,878.627791
N122384,NULL,NULL
N123959,5759.875218,NULL
N132794,6227.256543,NULL
N164335,6121.42438,NULL
N171241,5630.968528,NULL
N197300,NULL,4580.335893
N21122,NULL,5739.899898
N220947,6175.505483,NULL
N233282,NULL,NULL
N247196,6417.049134,NULL
N261701,6192.473684,NULL
N267712,NULL,5727.232268
N277250,5910.719593,NULL
N279711,1078.291303,NULL
N293608,2790.826119,NULL
N302415,1244.709018,NULL
N323793,1698.876321,NULL
N327641,2186.78593,NULL
N364835,1782.001605,NULL
N367887,NULL,NULL
N37182,NULL,945.3802928
N375820,1531.68836,NULL
N397043,NULL,1380.469032
N406535,NULL,NULL
N434328,NULL,NULL
N439567,1921.908003,NULL
N447597,NULL,1693.576099
N451468,NULL,1022.516053
N471149,NULL,2026.989634
N472963,NULL,NULL
N496180,NULL,1157.275128
N497781,NULL,NULL
N517426,NULL,NULL
N520045,NULL,6023.253234
N527948,NULL,NULL
N538825,5722.608267,NULL
N55092,NULL,NULL
N556313,5698.426541,NULL
N601524,NULL,6515.85714
N602492,5524.916473,NULL
N627924,6200.072737,NULL
N682283,4113.33849,NULL
N694912,2029.905606,NULL
N709080,NULL,2552.12106
N709490,NULL,4317.862166
N712814,NULL,NULL
N715806,NULL,738.8929143
N727282,2220.436194,NULL
N73923,NULL,NULL
N754270,NULL,848.4406611
N764043,NULL,998.0643375
N769210,NULL,887.1803664
N773734,1112.686143,NULL
N78759,NULL,NULL
N790632,NULL,NULL
N793554,NULL,715.1931007
N798242,NULL,5924.003898
N810011,1424.784732,NULL
N815042,1237.609162,NULL
N816335,NULL,NULL
N823455,NULL,5459.257498
N82795,1631.872719,NULL
N85718,1340.373707,NULL
N863236,826.7523349,NULL
N864363,4828.2039,NULL
N871301,1784.759356,NULL
N883420,NULL,1153.262724
N886555,NULL,917.1665939
N892048,1683.821351,NULL
N894031,4506.056002,NULL
N914081,NULL,NULL
N927054,1206.875735,NULL
N931384,NULL,1067.373076
N93461,NULL,4693.458553
N953071,NULL,703.8007764
N954346,6244.295389,NULL
N954926,NULL,NULL
N966024,1860.544496,NULL
O04397,6206.957458,NULL
O08300,1027.507457,NULL
O101585,NULL,NULL
O142235,NULL,NULL
O144814,NULL,NULL
O147731,NULL,1661.330631
O156883,NULL,5556.021088
O178098,NULL,NULL
O18218,NULL,4237.980107
O186082,NULL,NULL
O186325,1195.475034,NULL
O189297,NULL,2020.604314
O208180,NULL,1159.773784
O220358,NULL,NULL
O221751,NULL,347.446058
O230445,NULL,6069.194377
O246994,NULL,NULL
O251865,2361.62202,NULL
O261091,NULL,NULL
O261679,1286.962111,NULL
O264379,NULL,5614.790593
O265706,1569.873827,NULL
O298138,NULL,4647.63715
O317698,NULL,NULL
O344933,NULL,NULL
O35903,NULL,787.5389871
O362996,NULL,4930.158658
O366561,NULL,4876.001451
O402306,1451.201108,NULL
O406255,4932.430411,NULL
O431640,NULL,5990.18794
O435835,NULL,6260.19195
O444447,1743.932853,NULL
O464940,NULL,766.7921091
O466793,NULL,NULL
O467624,5942.500538,NULL
O542962,NULL,321.8958659
O546888,NULL,1341.412763
O574163,6580.770491,NULL
O587608,6072.286168,NULL
O608853,NULL,NULL
O625994,1461.63461,NULL
O65325,1170.139527,NULL
O683991,1407.105672,NULL
O686657,NULL,6012.531259
O697874,NULL,NULL
O711143,NULL,NULL
O716781,4878.10553,NULL
O739489,1340.930156,NULL
O753379,6174.276271,NULL
O756593,NULL,NULL
O758268,4014.850907,NULL
O760284,1416.865765,NULL
O760396,NULL,1147.311353
O763178,1233.62831,NULL
O773213,1290.286524,NULL
O804356,NULL,278.350323
O821312,NULL,3754.322576
O834546,NULL,NULL
O839517,964.1421939,NULL
O845822,1342.337702,NULL
O848423,NULL,5124.938421
O851847,1848.378413,NULL
O852145,1029.123182,NULL
O86238,NULL,NULL
O877559,NULL,5837.262258
O880598,1069.09373,NULL
O881167,NULL,2157.669912
O886488,NULL,743.4780761
O894158,3040.553763,NULL
O916460,1900.983013,NULL
O91882,2757.839041,NULL
O933825,6632.42053,NULL
O947108,5876.740785,NULL
O962208,5580.901602,NULL
O964713,5710.355112,NULL
O967292,6820.82156,NULL
O970720,NULL,NULL
O983275,NULL,NULL
O987835,2259.182707,NULL
P01863,NULL,6484.571924
P05538,NULL,NULL
P08547,NULL,2072.694492
P139155,NULL,5978.10151
P151266,1069.18746,NULL
P15322,NULL,6555.679518
P170468,6028.840796,NULL
P172027,6171.94132,NULL
P186990,NULL,NULL
P20993,NULL,885.0263451
P212521,NULL,5469.381433
P218828,2223.835601,NULL
P222390,6746.608618,NULL
P233636,NULL,1035.265621
P234841,1653.932692,NULL
P239147,5083.028968,NULL
P261871,NULL,5440.228336
P266026,1171.985659,NULL
P271479,NULL,5577.591754
P299531,NULL,NULL
P310809,NULL,NULL
P318419,NULL,5847.100806
P319624,NULL,NULL
P327630,NULL,838.8374504
P341958,NULL,4882.901543
P358529,5205.750156,NULL
P362867,6477.148408,NULL
P365450,1143.685617,NULL
P365570,NULL,4894.603978
P37481,NULL,NULL
P376206,6645.186507,NULL
P377664,NULL,NULL
P377979,NULL,5953.091281
P387565,NULL,5269.998748
P396177,NULL,5882.516568
P401786,2768.129883,NULL
P417515,1718.405985,NULL
P493147,NULL,1224.30253
P496804,NULL,6008.726494
P497869,NULL,NULL
P514284,917.029715,NULL
P526389,1407.682723,NULL
P553271,NULL,4480.828708
P558309,NULL,5163.277727
P564059,NULL,5696.824115
P573247,5744.847584,NULL
P589193,1238.891522,NULL
P612442,NULL,NULL
P625495,NULL,6160.398795
P628714,1072.95902,NULL
P628955,5319.904812,NULL
P631143,NULL,1924.903884
P650282,NULL,NULL
P651146,NULL,NULL
P661258,6061.603654,NULL
P668082,NULL,1211.320081
P704448,NULL,6556.237246
P706486,NULL,427.3743388
P711162,5320.150962,NULL
P721661,NULL,4466.695172
P733036,NULL,NULL
P765785,NULL,939.7181324
P768995,6739.19212,NULL
P780501,6904.05739,NULL
P802061,NULL,3798.956979
P834833,NULL,NULL
P854487,NULL,NULL
P861928,NULL,5696.204344
P870642,NULL,1559.752741
P883127,NULL,6289.621165
P899179,NULL,3653.559021
P905987,NULL,407.5928812
P915334,NULL,NULL
P92726,NULL,1071.774579
P944183,1328.874126,NULL
P945462,6165.207912,NULL
P955847,NULL,5013.653883
P964793,1209.707399,NULL
P96900,NULL,NULL
P987255,5865.625146,NULL
P988126,NULL,2380.995294
Q100782,NULL,4246.327693
Q105645,1349.319824,NULL
Q127985,NULL,5064.686588
Q139076,NULL,1499.600891
Q154739,1174.414663,NULL
Q156955,NULL,5761.220242
Q158204,NULL,1760.029684
Q17056,1653.756383,NULL
Q18512,1403.833391,NULL
Q19503,6468.116177,NULL
Q200925,1547.513225,NULL
Q202776,NULL,984.2036034
Q246510,6390.767295,NULL
Q252222,6033.647017,NULL
Q272209,NULL,NULL
Q279060,NULL,2059.200998
Q291482,NULL,NULL
Q366127,NULL,5179.612997
Q378447,NULL,NULL
Q385070,1102.197408,NULL
Q404548,NULL,NULL
Q408580,4863.46622,NULL
Q417407,NULL,722.2139832
Q418090,NULL,3930.941783
Q474525,NULL,6091.064644
Q485617,NULL,NULL
Q486994,1402.20491,NULL
Q501175,982.9569892,NULL
Q52006,NULL,1275.385401
Q527117,NULL,NULL
Q527467,NULL,NULL
Q539467,NULL,NULL
Q550105,NULL,5507.943409
Q557106,NULL,6255.953775
Q577098,6047.986921,NULL
Q590164,NULL,1282.323667
Q604081,2441.738277,NULL
Q61554,NULL,6100.606692
Q627124,NULL,5920.786804
Q632278,1475.739164,NULL
Q675449,NULL,NULL
Q676795,NULL,5687.504971
Q690485,6629.310323,NULL
Q713051,NULL,5708.03691
Q722018,NULL,5291.533225
Q727920,1235.112132,NULL
Q733674,NULL,4885.896119
Q747686,1439.765003,NULL
Q748629,6024.749674,NULL
Q756941,NULL,4745.339554
Q77142,NULL,4771.553025
Q785217,4443.003488,NULL
Q790953,1426.604038,NULL
Q796182,NULL,589.198137
Q816736,NULL,795.5471897
Q817387,6125.429918,NULL
Q820393,NULL,3572.738241
Q857934,NULL,NULL
Q864563,NULL,1876.809732
Q877999,NULL,1461.917374
Q890961,6535.810581,NULL
Q895849,NULL,831.1303039
Q901861,6624.884891,NULL
Q902286,NULL,5239.916322
Q925183,4705.493469,NULL
Q937859,NULL,6309.319991
Q941225,NULL,5273.813487
Q978096,1127.193482,NULL
Q981830,4059.807666,NULL
Q983001,NULL,5903.828849
Q985321,NULL,1023.75368
R02060,NULL,5839.250864
R119419,NULL,1282.858382
R120686,NULL,NULL
R12402,NULL,NULL
R136473,NULL,580.5443061
R15145,NULL,4582.182243
R158965,NULL,NULL
R186116,5035.210271,NULL
R189303,NULL,452.8721504
R19086,5197.361049,NULL
R195593,NULL,1081.814362
R197571,1639.236491,NULL
R199135,NULL,1225.839629
R208839,NULL,5823.67123
R21451,1230.940963,NULL
R218463,NULL,4775.063711
R236363,NULL,557.9519675
R241049,NULL,NULL
R261202,NULL,NULL
R276130,1740.01586,NULL
R286623,6727.977262,NULL
R290249,5233.690338,NULL
R301897,NULL,NULL
R302272,6075.221267,NULL
R305280,NULL,1572.393016
R307149,NULL,5867.148335
R313998,971.0579616,NULL
R347015,NULL,NULL
R349356,NULL,5042.032681
R359034,2739.364415,NULL
R370396,NULL,4305.698234
R398309,NULL,4945.724284
R407604,NULL,4810.280705
R425303,NULL,4849.21743
R464272,1313.492851,NULL
R471623,5294.782338,NULL
R472225,NULL,4974.094369
R486370,NULL,2196.151925
R490270,5181.433033,NULL
R493661,NULL,NULL
R495303,NULL,5699.245355
R501652,NULL,4818.09657
R518278,NULL,4503.053128
R549694,4616.664022,NULL
R570772,NULL,910.2691862
R576269,5801.742401,NULL
R577652,6849.08497,NULL
R590022,6667.408481,NULL
R597388,NULL,499.02956
R610483,5296.312677,NULL
R612188,NULL,5166.92619
R620556,NULL,NULL
R622504,1901.748017,NULL
R624685,NULL,5089.070944
R628814,NULL,444.2368102
R657635,NULL,567.3209248
R658797,NULL,NULL
R687130,NULL,NULL
R69161,NULL,934.5432733
R692612,1215.412022,NULL
R702919,2283.190011,NULL
R714397,1108.726166,NULL
R715020,NULL,831.5573687
R723551,NULL,6538.478003
R726035,NULL,5831.590077
R726654,NULL,5260.656937
R779327,NULL,NULL
R789763,6308.988621,NULL
R793629,1701.75372,NULL
R796813,5285.025958,NULL
R818704,NULL,5179.277309
R850000,5229.211184,NULL
R863246,NULL,NULL
R892929,NULL,NULL
R912684,NULL,NULL
R918917,NULL,5526.487954
R931562,NULL,5857.937007
R934959,NULL,1381.802291
R949574,NULL,NULL
R957727,2087.543903,NULL
R960206,NULL,769.9868737
R973770,2100.288363,NULL
R974706,NULL,5148.276996
R982501,NULL,486.381294
R986544,1582.882748,NULL
S09313,6265.43461,NULL
S103816,733.0142637,NULL
S109814,NULL,NULL
S122516,NULL,5646.563818
S125158,NULL,NULL
S144940,NULL,5694.946384
S150511,NULL,NULL
S178108,NULL,NULL
S189124,5286.98629,NULL
S189197,NULL,6131.484263
S193458,NULL,NULL
S222652,6315.89486,NULL
S225870,NULL,NULL
S229939,5640.808851,NULL
S237899,6815.305528,NULL
S242452,NULL,NULL
S253484,NULL,500.4406927
S256921,1541.269223,NULL
S257413,NULL,3503.174329
S258368,1187.716662,NULL
S281020,NULL,NULL
S287151,1076.138741,NULL
S291778,NULL,5573.580119
S297468,1179.03962,NULL
S300408,NULL,3741.804448
S311262,1610.027119,NULL
S312202,NULL,1692.14874
S322351,NULL,2209.997412
S341394,NULL,5403.036108
S342275,NULL,NULL
S34743,NULL,1614.036609
S372424,NULL,NULL
S373191,NULL,1312.812193
S377705,NULL,NULL
S390033,5185.302334,NULL
S390179,NULL,NULL
S407948,NULL,968.8971697
S424834,NULL,NULL
S455794,1968.083882,NULL
S459186,NULL,5084.802228
S472625,4185.58497,NULL
S472749,NULL,NULL
S473175,NULL,NULL
S490943,NULL,1080.503708
S504402,4888.502724,NULL
S509823,NULL,2047.373281
S510707,NULL,5061.53662
S53034,1773.915003,NULL
S54573,NULL,2229.321043
S571014,NULL,4551.763964
S580963,NULL,5878.566682
S583760,6854.114445,NULL
S584863,2028.886621,NULL
S588320,1206.219227,NULL
S589285,NULL,NULL
S612810,1138.251038,NULL
S62594,NULL,NULL
S631135,4156.493991,NULL
S632772,NULL,5732.940723
S634813,NULL,5332.826382
S639183,NULL,1873.849553
S655334,NULL,742.5950937
S658357,NULL,NULL
S66397,1551.718247,NULL
S682687,NULL,853.7834038
S683859,NULL,NULL
S693485,NULL,5390.61261
S696170,NULL,1114.196033
S744209,NULL,868.497965
S749342,6396.071626,NULL
S753517,5901.89928,NULL
S768162,NULL,638.2966688
S76930,1827.741525,NULL
S777773,NULL,1239.802036
S782248,1999.64045,NULL
S794273,NULL,NULL
S814936,NULL,6493.121834
S858588,NULL,570.9128348
S894000,1536.363525,NULL
S894096,NULL,6481.198108
S900746,1907.528361,NULL
S904300,NULL,5693.466496
S904420,NULL,4918.416016
S914593,NULL,1328.568048
S942225,1110.767158,NULL
S958641,NULL,570.7344969
S959998,1306.270891,NULL
S961459,NULL,NULL
S963269,NULL,581.9611419
S968318,4926.848896,NULL
S974700,4108.101249,NULL
S981645,1835.301769,NULL
S983615,NULL,6153.244903
T09327,NULL,2063.282237
T108863,NULL,NULL
T145464,NULL,5449.543139
T148295,NULL,4363.955591
T157142,NULL,4171.400793
T157623,1782.253032,NULL
T181607,6317.989438,NULL
T188581,NULL,1234.871994
T19437,NULL,4728.350252
T202681,NULL,NULL
T203977,NULL,NULL
T207990,6710.02165,NULL
T208294,NULL,4834.33256
T22671,NULL,843.7651173
T240588,1887.699697,NULL
T267542,NULL,1078.260358
T283168,1422.2449,NULL
T306269,1918.333346,NULL
T31369,NULL,5055.536874
T325632,NULL,1168.630192
T346465,NULL,2391.497324
T346518,NULL,6039.331412
T357711,6327.983433,NULL
T360114,NULL,5398.88963
T377657,NULL,NULL
T380611,NULL,1190.056958
T399319,2329.310551,NULL
T417062,4221.824522,NULL
T419903,NULL,NULL
T420846,NULL,989.9918587
T444872,NULL,NULL
T446100,NULL,NULL
T447873,NULL,3610.16619
T449876,NULL,5382.496895
T456294,NULL,799.7665769
T462322,NULL,854.4182496
T465359,NULL,6361.936513
T484755,NULL,NULL
T495616,2623.835938,NULL
T504980,NULL,2146.833629
T508881,NULL,NULL
T526594,NULL,775.7502457
T538580,NULL,NULL
T540942,NULL,NULL
T541594,NULL,NULL
T544616,NULL,1150.450972
T545830,NULL,6037.093005
T560412,6856.666585,NULL
T577346,NULL,1024.131285
T584418,2316.736557,NULL
T59719,5861.982807,NULL
T618453,NULL,NULL
T629485,NULL,6535.516989
T660448,NULL,1637.201426
T664511,NULL,5906.432884
T689270,NULL,782.6217803
T746316,NULL,703.1820621
T74722,NULL,4981.220406
T749981,NULL,NULL
T761698,3943.462001,NULL
T762967,1243.099192,NULL
T782123,NULL,444.0474919
T783228,NULL,NULL
T786613,NULL,821.8429175
T795869,6107.121136,NULL
T805739,NULL,5729.627989
T805948,NULL,1871.706612
T811107,5521.423515,NULL
T812251,NULL,1171.036365
T81402,5741.788806,NULL
T814609,NULL,618.6284163
T81723,5769.871286,NULL
T834491,2947.224753,NULL
T83491,5503.322362,NULL
T841767,NULL,635.2980162
T843829,NULL,5674.496257
T846054,5832.660558,NULL
T849288,NULL,5756.010952
T872338,1680.337106,NULL
T884723,6760.900419,NULL
T895288,NULL,5487.786212
T896933,NULL,984.2773024
T913039,NULL,5998.410517
T913744,6519.801796,NULL
T923695,2615.909854,NULL
T931250,NULL,5843.001421
T966251,NULL,NULL
T994784,6638.783919,NULL
U118458,NULL,NULL
U136415,5646.886372,NULL
U151000,NULL,NULL
U158712,1587.044822,NULL
U160756,6309.069748,NULL
U164846,5910.056992,NULL
U169694,1342.862457,NULL
U180646,5579.15458,NULL
U187337,NULL,5770.359583
U207175,5893.413959,NULL
U213708,NULL,3935.280548
U219545,NULL,1198.455198
U236179,NULL,6292.807402
U243994,NULL,NULL
U252601,NULL,NULL
U258018,NULL,4561.48499
U26172,NULL,4856.923385
U276149,1227.924743,NULL
U286430,NULL,1088.786574
U300358,NULL,5832.634128
U332484,1760.757293,NULL
U358684,NULL,NULL
U386699,5917.686828,NULL
U409049,NULL,1557.64411
U418693,NULL,5931.842515
U426077,NULL,5634.80523
U433590,NULL,792.3707277
U451201,NULL,558.3751762
U460441,NULL,NULL
U479043,1300.689811,NULL
U526402,NULL,933.4257317
U531334,NULL,NULL
U532782,NULL,NULL
U54307,6016.804026,NULL
U544678,NULL,NULL
U560834,2392.203409,NULL
U564504,NULL,NULL
U567243,NULL,5086.304493
U578094,NULL,NULL
U582130,NULL,NULL
U589779,NULL,1822.617538
U597597,NULL,NULL
U606571,NULL,NULL
U607425,2022.556285,NULL
U611705,NULL,NULL
U638010,NULL,NULL
U652791,1280.53691,NULL
U698370,NULL,5490.285527
U699997,NULL,511.1215788
U707295,NULL,NULL
U721877,NULL,NULL
U724245,6419.007711,NULL
U729467,NULL,1537.706248
U738468,NULL,5856.007779
U741276,NULL,6900.075325
U747129,NULL,NULL
U750518,NULL,NULL
U782508,1311.269805,NULL
U784168,NULL,1911.782207
U784524,NULL,2068.674053
U791625,NULL,NULL
U811590,NULL,974.4325376
U821333,NULL,5450.903985
U825707,NULL,NULL
U83203,NULL,NULL
U838638,NULL,590.602719
U862685,6792.669914,NULL
U875156,NULL,608.6804201
U880816,NULL,NULL
U88099,NULL,NULL
U887076,5981.786697,NULL
U903738,NULL,NULL
U904070,NULL,1270.455838
U905397,NULL,NULL
U921662,NULL,5080.902489
U922017,NULL,6088.936104
U924025,4072.167583,NULL
U925717,NULL,6346.420103
U931407,NULL,1503.937766
U954852,NULL,1341.508482
U958988,NULL,NULL
U961818,NULL,6547.536791
U978149,NULL,6186.049801
U987101,NULL,1367.297406
U990275,6280.796851,NULL
V118979,NULL,4711.946736
V134244,NULL,5754.802766
V13975,NULL,667.4764252
V140814,NULL,1201.308416
V148850,NULL,NULL
V172495,5176.004699,NULL
V183873,2674.568338,NULL
V191716,NULL,1893.24474
V204250,NULL,NULL
V205649,NULL,4168.120303
V207992,4998.863127,NULL
V210365,NULL,5203.323815
V217475,NULL,297.4433143
V21751,5934.44869,NULL
V224713,NULL,NULL
V231505,NULL,4767.338494
V250371,737.7421962,NULL
V297183,1079.325698,NULL
V316925,NULL,4222.497317
V342335,NULL,5472.923809
V366744,1696.720466,NULL
V366783,NULL,4943.594438
V386022,3452.422228,NULL
V394552,NULL,4364.095122
V399133,2167.855557,NULL
V405018,NULL,6261.739568
V417569,5084.851456,NULL
V420683,5693.54601,NULL
V424932,NULL,5195.500799
V472281,NULL,NULL
V473732,NULL,713.7053321
V490167,NULL,NULL
V491948,NULL,NULL
V492229,NULL,1128.690355
V502095,NULL,3354.624637
V506373,5739.181377,NULL
V52316,NULL,5005.866114
V527256,NULL,4173.252675
V52887,NULL,NULL
V544721,NULL,913.521381
V554560,2174.446655,NULL
V55806,NULL,1786.342426
V571379,6319.838076,NULL
V596816,1465.141784,NULL
V599639,NULL,6076.522348
V607314,1039.131091,NULL
V615120,6578.562564,NULL
V620517,6376.639792,NULL
V625954,6521.587044,NULL
V627981,NULL,1109.681229
V635294,NULL,6106.984548
V642036,NULL,3830.124693
V646556,NULL,NULL
V650308,NULL,5893.622644
V713912,4835.577166,NULL
V733953,NULL,NULL
V740990,1275.194778,NULL
V745261,NULL,NULL
V750673,1482.762683,NULL
V750894,NULL,1446.937317
V751713,1142.173902,NULL
V754108,NULL,888.7604416
V76718,5988.65378,NULL
V777004,NULL,369.7619068
V807781,NULL,NULL
V808659,5475.345065,NULL
V822855,NULL,4047.773653
V824084,NULL,2677.74041
V837342,NULL,5329.419417
V843103,3713.519699,NULL
V867114,NULL,NULL
V875157,6364.89034,NULL
V878052,NULL,5483.967712
V878848,NULL,990.5923177
V882354,NULL,5210.243584
V898426,2296.853164,NULL
V910386,1844.526573,NULL
V910733,NULL,NULL
V920462,1313.391104,NULL
V92166,NULL,5133.883667
V922402,NULL,5085.102968
V972302,6689.748754,NULL
V975858,NULL,NULL
V977169,NULL,4724.802444
V981763,2206.253895,NULL
V982691,1457.580613,NULL
W01140,6031.527231,NULL
W03360,NULL,NULL
W100112,NULL,764.0244287
W129762,5582.846082,NULL
W131154,NULL,579.0788972
W141887,NULL,6018.481264
W152566,1790.477112,NULL
W166699,NULL,965.039948
W179760,NULL,NULL
W186069,NULL,NULL
W187424,NULL,4883.516353
W188751,NULL,NULL
W194911,NULL,1918.0889
W207606,NULL,NULL
W211074,NULL,NULL
W211742,NULL,NULL
W215581,NULL,5668.159085
W221502,4947.825183,NULL
W238332,1109.204756,NULL
W247511,NULL,1615.87994
W258972,NULL,393.6524652
W269326,1176.40624,NULL
W279417,1640.315966,NULL
W283898,NULL,3569.479648
W303516,NULL,NULL
W307037,2574.581362,NULL
W317275,NULL,NULL
W334401,NULL,NULL
W347165,NULL,6054.623559
W364385,NULL,5831.475339
W365170,NULL,6111.281156
W367931,NULL,NULL
W37205,NULL,4911.905543
W390315,NULL,NULL
W400552,NULL,NULL
W402834,NULL,5154.285324
W41017,NULL,5714.242038
W422563,5291.226692,NULL
W435309,6025.459819,NULL
W456654,NULL,6031.136319
W458227,6172.045881,NULL
W471235,NULL,NULL
W477705,NULL,NULL
W503853,NULL,5971.515636
W504338,5655.227579,NULL
W513562,6659.547499,NULL
W536728,NULL,6015.97413
W53761,NULL,NULL
W537758,NULL,4775.621608
W571315,1258.06366,NULL
W589259,1273.860067,NULL
W592004,1500.69101,NULL
W597078,NULL,1279.70353
W613906,929.0075954,NULL
W639994,NULL,688.5203813
W651542,2163.007664,NULL
W666471,NULL,270.9293518
W666781,NULL,5303.936549
W671969,NULL,1764.939141
W673739,1064.888301,NULL
W679242,NULL,786.1863432
W681476,NULL,562.6095219
W683622,NULL,NULL
W698821,NULL,2136.125116
W701345,NULL,4489.267692
W70203,NULL,5112.939726
W710569,NULL,1672.058732
W712461,NULL,NULL
W738466,1466.448878,NULL
W748883,5445.434955,NULL
W778119,NULL,1427.811261
W817414,NULL,815.588724
W827689,NULL,NULL
W841435,4734.546819,NULL
W868599,NULL,5082.031319
W87485,1048.919831,NULL
W874851,NULL,NULL
W890597,NULL,404.9361415
W895555,NULL,NULL
W903243,1057.31153,NULL
W909052,NULL,1185.892988
W912425,NULL,1323.764927
W928741,6463.270745,NULL
W929433,NULL,NULL
W949462,1304.854276,NULL
X00601,NULL,NULL
X103649,NULL,NULL
X106152,5609.120133,NULL
X106926,699.4793992,NULL
X121568,NULL,NULL
X12553,NULL,5798.959401
X145098,NULL,NULL
X147440,NULL,6312.410152
X163742,NULL,5785.930696
X167970,NULL,5655.54142
X178794,NULL,NULL
X189609,NULL,NULL
X19182,NULL,NULL
X209020,NULL,NULL
X241691,NULL,335.2998891
X245788,506.4720015,NULL
X246735,5379.896069,NULL
X254030,NULL,1884.134154
X258311,NULL,1329.56935
X258761,NULL,NULL
X261372,6068.222536,NULL
X279803,NULL,NULL
X280758,NULL,5519.813683
X286811,NULL,1964.367635
X286988,1216.325478,NULL
X290895,NULL,NULL
X30939,868.7530886,NULL
X320753,NULL,6310.076724
X33849,5048.660319,NULL
X342513,5873.892189,NULL
X345073,NULL,5426.490073
X354158,1460.696574,NULL
X354809,NULL,NULL
X365608,1302.621469,NULL
X371370,863.6296514,NULL
X376884,NULL,NULL
X386618,NULL,1107.738951
X389757,6261.419372,NULL
X392150,5099.928127,NULL
X397883,NULL,NULL
X415795,NULL,1163.701618
X421416,NULL,5923.952015
X428566,NULL,1315.312803
X451330,NULL,NULL
X451865,NULL,4835.663594
X466847,NULL,2245.476461
X471199,1262.175265,NULL
X481087,4839.528738,NULL
X487182,6543.110379,NULL
X503019,4585.928895,NULL
X508119,5566.092166,NULL
X517447,1389.833754,NULL
X528575,NULL,NULL
X542926,5504.260765,NULL
X559092,5737.637102,NULL
X577275,NULL,NULL
X592304,NULL,5976.68996
X61484,NULL,NULL
X618114,NULL,669.0040793
X664054,NULL,4147.013836
X664232,1835.292593,NULL
X671633,NULL,NULL
X68805,NULL,521.8726735
X688103,NULL,NULL
X708848,1280.101622,NULL
X732952,NULL,5921.501848
X756732,4832.995631,NULL
X760972,1875.734695,NULL
X788909,1489.301457,NULL
X789375,6692.362545,NULL
X801505,NULL,5193.997651
X852253,NULL,2220.255405
X860092,NULL,5641.382534
X863186,6176.784118,NULL
X867518,NULL,1024.783162
X868309,NULL,1089.662539
X896373,NULL,5277.732479
X914490,757.0097075,NULL
X91732,NULL,5471.040392
X923330,NULL,NULL
X938977,6274.202037,NULL
X978138,4815.278288,NULL
X987100,6192.141187,NULL
X989117,820.9557127,NULL
Y05539,1097.557516,NULL
Y104736,1965.221779,NULL
Y135389,NULL,1921.943744
Y147099,990.7760503,NULL
Y162634,1882.523799,NULL
Y162835,6182.792584,NULL
Y184043,985.5778302,NULL
Y190385,6206.567047,NULL
Y193208,NULL,1409.932665
Y199742,NULL,NULL
Y202471,NULL,NULL
Y208159,NULL,NULL
Y224996,NULL,1930.538667
Y243544,NULL,1997.134556
Y244740,NULL,NULL
Y246812,6024.715109,NULL
Y247424,2709.337012,NULL
Y283257,NULL,1893.522906
Y285316,NULL,NULL
Y293927,NULL,6321.838223
Y295853,NULL,NULL
Y332088,798.4275185,NULL
Y332336,NULL,2118.488416
Y334471,NULL,4683.762963
Y341313,4463.792034,NULL
Y353460,NULL,5901.269005
Y401519,NULL,5214.689346
Y401866,NULL,NULL
Y40674,1847.226235,NULL
Y411344,NULL,NULL
Y413092,NULL,558.4710883
Y462174,1494.533376,NULL
Y46632,NULL,952.3729916
Y467657,NULL,504.8041713
Y473038,4969.700877,NULL
Y482814,5233.838265,NULL
Y494489,NULL,1162.715411
Y514231,NULL,951.5719456
Y523332,6395.153415,NULL
Y531419,5269.166004,NULL
Y531744,1495.554533,NULL
Y543283,6599.040223,NULL
Y564438,NULL,782.9998382
Y566973,1613.670166,NULL
Y575299,NULL,NULL
Y576054,NULL,968.8818009
Y585520,NULL,3710.298126
Y592744,NULL,1877.852717
Y595352,NULL,1447.711265
Y596460,5848.038669,NULL
Y603112,NULL,NULL
Y614522,NULL,NULL
Y618105,1338.110998,NULL
Y627704,6377.495823,NULL
Y63249,NULL,NULL
Y637674,NULL,NULL
Y652986,NULL,NULL
Y654641,NULL,NULL
Y654962,2327.656652,NULL
Y669083,NULL,6414.954544
Y677034,NULL,6023.851747
Y680403,1288.736573,NULL
Y735827,1755.239032,NULL
Y747047,5722.756561,NULL
Y748946,2205.334092,NULL
Y757668,NULL,899.1324428
Y761222,NULL,NULL
Y768966,NULL,724.6774743
Y778987,NULL,5450.604196
Y789151,1222.622089,NULL
Y790493,NULL,1236.012715
Y793007,NULL,715.3186358
Y809841,5310.127657,NULL
Y824371,NULL,NULL
Y827249,NULL,NULL
Y837211,NULL,NULL
Y874309,5754.564928,NULL
Y875215,NULL,NULL
Y892014,NULL,1476.644914
Y901042,NULL,798.0189824
Y905946,NULL,950.0977853
Y930252,1061.907795,NULL
Y944097,NULL,253.7938252
Y979093,NULL,NULL
Y983317,NULL,1099.486982
Y986628,3186.79335,NULL
Y98868,NULL,5322.61702
Y990932,NULL,4716.06213
Y998384,NULL,1929.06738
Z105647,5449.470206,NULL
Z110095,NULL,4642.465727
Z120876,NULL,1131.921
Z122947,912.2540105,NULL
Z131585,6295.500079,NULL
Z13801,NULL,5842.329497
Z141456,NULL,5611.443086
Z147347,NULL,NULL
Z184886,4152.530591,NULL
Z192393,1450.159924,NULL
Z208862,901.9731056,NULL
Z210418,2148.657258,NULL
Z236621,860.4509841,NULL
Z239104,NULL,891.9183387
Z24001,NULL,4899.165964
Z253470,1939.600904,NULL
Z256378,NULL,5811.49739
Z256617,5813.064092,NULL
Z264704,NULL,NULL
Z272036,NULL,1597.444059
Z292423,NULL,6210.2238
Z292826,1058.643568,NULL
Z317359,NULL,1302.230824
Z327230,5648.297688,NULL
Z349412,4524.812836,NULL
Z353889,NULL,5350.192494
Z365104,1432.922873,NULL
Z367148,NULL,922.2317794
Z378375,NULL,5214.115508
Z379988,NULL,586.7422583
Z395113,NULL,4901.470822
Z399108,NULL,NULL
Z401773,6699.368513,NULL
Z409213,NULL,6436.529978
Z449350,NULL,5964.398265
Z45722,1163.746203,NULL
Z462594,1776.755229,NULL
Z473183,NULL,NULL
Z476597,1621.89345,NULL
Z477994,NULL,497.9042695
Z480141,NULL,6499.362155
Z482737,6583.556553,NULL
Z518136,NULL,1515.642262
Z525344,NULL,NULL
Z529081,NULL,2914.993204
Z53820,6857.525674,NULL
Z543865,NULL,843.4262718
Z56850,NULL,NULL
Z578943,2484.205678,NULL
Z579205,6512.543796,NULL
Z583427,NULL,5608.639508
Z606822,2692.714225,NULL
Z622003,NULL,5305.771174
Z636097,NULL,NULL
Z655607,NULL,NULL
Z662588,NULL,NULL
Z663168,877.1087708,NULL
Z677194,6555.502175,NULL
Z688558,NULL,5250.409842
Z718044,5545.726878,NULL
Z723653,NULL,539.9859818
Z731991,NULL,NULL
Z748506,NULL,5299.289196
Z75568,NULL,986.7489919
Z756585,NULL,NULL
Z766188,5245.572739,NULL
Z772310,NULL,5560.7204
Z775001,711.8524934,NULL
Z781034,NULL,2154.298838
Z784446,NULL,4395.076801
Z81410,NULL,921.6285886
Z817431,NULL,676.2178659
Z818750,NULL,NULL
Z826011,NULL,6053.671903
Z827010,NULL,411.6028202
Z836778,1322.686843,NULL
Z842303,NULL,641.845268
Z842388,2168.702608,NULL
Z842961,NULL,5890.196741
Z846097,NULL,745.0467839
Z858434,NULL,6366.330959
Z879032,NULL,1436.945723
Z881348,1435.244426,NULL
Z884144,1468.00712,NULL
Z891443,NULL,4707.7319
Z940031,6548.644506,NULL
Z944509,NULL,NULL
Z949431,5813.10524,NULL
Z958847,1114.579555,NULL
Z974546,NULL,NULL
Z979359,1691.271964,NULL
Z987566,NULL,5977.627047
Z995043,5755.545082,NULL
